step,epoch,step_loss,loss_data,loss_haslach,loss_pako,loss_bc_base,loss_bc_tip
,1,281.29067661195995,0.0019578191240725573,28.12876132803038,0.0011030115454627775,0.0,0.0
,2,1.8982057130709291,0.0007680687587708235,0.18974337193183602,4.010833045526851e-06,0.0,0.0
,3,1.215670000333339,0.00020975276740500703,0.12154591351863928,1.1207764741527625e-06,0.0,0.0
,4,0.3350137069821358,0.00011144099182274658,0.03349017212167382,5.493557009117467e-07,0.0,0.0
,5,0.17537894316017627,5.120534990055603e-05,0.017532692462555132,8.131976157699228e-07,0.0,0.0
,6,0.11155317794531584,2.953596960651339e-05,0.011152330497279763,3.380779742201412e-07,0.0,0.0
,7,0.07721421476453542,5.191100253796321e-06,0.007720868566539138,3.3881143899350265e-07,0.0,0.0
,8,0.06307467333972454,1.2507307994980011e-06,0.006307302110362798,4.013306050154597e-07,0.0,0.0
,9,0.09314447056502104,9.714458369671775e-06,0.009313438542885705,3.705031221556965e-07,0.0,0.0
,10,0.1156911397073418,1.7631602145229407e-05,0.011567320640897378,3.002291840203952e-07,0.0,0.0
,11,0.1350597792584449,2.0299834279740025e-05,0.013503910240251571,3.798476027228048e-07,0.0,0.0
,12,0.1181580896070227,4.117652383399673e-06,0.011815363353816792,3.3824720645725393e-07,0.0,0.0
,13,0.06821577944559977,9.17350015242846e-06,0.0068205992682487705,6.131224170502492e-07,0.0,0.0
,14,0.0957184069370851,1.6929499670368385e-05,0.00957010026962962,4.7365729681558834e-07,0.0,0.0
,15,0.12686451198533177,8.442323949964247e-06,0.012685594820650294,1.2767393844370645e-07,0.0,0.0
,16,0.07201982030877843,6.7474888714968985e-06,0.007201293000543956,1.41976592509252e-07,0.0,0.0
,17,0.06795776349492372,5.25342149767738e-06,0.006795221999054774,2.913568416573753e-07,0.0,0.0
,18,0.06872999221552163,1.0368093717261217e-05,0.006871906512533315,5.598139998852503e-07,0.0,0.0
,19,0.09969239558558911,1.5275462540103036e-05,0.009967670994228683,4.1041557171439534e-07,0.0,0.0
,20,0.09210530063137412,2.9771473690232142e-06,0.009210169163416139,6.338903934022255e-07,0.0,0.0
,21,0.0671457313420251,6.654917468154053e-06,0.006713821208686568,8.637699481184313e-07,0.0,0.0
,22,0.08492585369851441,1.0652798891896964e-05,0.008491474678157829,4.5326701220815834e-07,0.0,0.0
,23,0.09861879451898858,2.270248877721315e-05,0.009859581735654502,2.750621650271512e-07,0.0,0.0
,24,0.12695249184966087,3.1899861633064574e-05,0.012692047983873635,1.1283381897264632e-07,0.0,0.0
,25,0.14129122592974455,3.6262814901419916e-05,0.014125487357378006,9.188814741989404e-08,0.0,0.0
,26,0.14726513131026878,3.3039119798559114e-05,0.014723198670380952,1.1278196222264115e-07,0.0,0.0
,27,0.13362737536779604,3.775139533900074e-05,0.013358948834211333,1.329319066911694e-07,0.0,0.0
,28,0.1706703887414187,3.199199283699272e-05,0.017063833290012553,6.790034043469006e-08,0.0,0.0
,29,0.12263855000492185,1.6010006434044043e-05,0.012262244212906807,1.0170242512153038e-07,0.0,0.0
,30,0.10897341870702804,2.5659556176833575e-05,0.010894748667487875,2.734129074877245e-07,0.0,0.0
,31,0.12740654077148064,3.311021781883028e-05,0.012737320721789729,2.1442332821308695e-07,0.0,0.0
,32,0.14307266965741292,3.972776314185467e-05,0.014303280522290152,1.385198986625369e-07,0.0,0.0
,33,0.15490957050118595,4.340019262599526e-05,0.015486605872574728,1.1468447214113553e-07,0.0,0.0
,34,0.15495031000231393,4.331027930675191e-05,0.015490689052385279,1.1638904076960443e-07,0.0,0.0
,35,0.14927276896007244,1.4282402594290033e-05,0.014925791171290257,5.777965431263965e-07,0.0,0.0
,36,0.09501248670741916,1.1241734670193182e-05,0.009500071702059359,5.271427512631987e-07,0.0,0.0
,37,0.0918799758516252,8.993741195126859e-06,0.009186964510008692,1.335284996741848e-06,0.0,0.0
,38,0.09236825000029057,9.487529081297907e-06,0.009235741208540276,1.3521898706692071e-06,0.0,0.0
,39,0.08333092944172676,6.518827462400623e-06,0.008332370508578607,7.07038807821192e-07,0.0,0.0
,40,0.07633010170655324,7.0600088145056365e-06,0.0076320079644210635,2.9629131907871196e-06,0.0,0.0
,41,0.057990022552548905,1.2690563839896641e-05,0.0057977101088908965,2.3249700882299605e-07,0.0,0.0
,42,0.08610765919554979,2.0673848484875635e-05,0.008608657049771864,4.186138368256209e-07,0.0,0.0
,43,0.10376252194051631,2.733112453825015e-05,0.010373507295007585,1.124738657010127e-07,0.0,0.0
,44,0.11901803026208654,3.2940028822849855e-05,0.011898497295042033,1.1872932346612686e-07,0.0,0.0
,45,0.13228995610028504,3.798331281359424e-05,0.013225186121562729,1.150609200095687e-07,0.0,0.0
,46,0.144314583374653,4.267907184839714e-05,0.014427180053316987,1.0742237025684887e-07,0.0,0.0
,47,0.1554130868415814,4.708297639808734e-05,0.015536590335250367,9.918447093415494e-08,0.0,0.0
,48,0.16553901435458102,5.112567325340933e-05,0.016548778739088447,9.230511907154515e-08,0.0,0.0
,49,0.1743431726936251,5.4585648449574364e-05,0.017428849485877435,8.736164298639437e-08,0.0,0.0
,50,0.18106531382887625,5.7072304898611037e-05,0.01810081585572334,8.76274206851324e-08,0.0,0.0
,51,0.18454946191282942,5.8103801875404316e-05,0.018449126702034847,9.252366952594571e-08,0.0,0.0
,52,0.18360320448409767,5.7375734904780984e-05,0.01835457287772442,9.993532958052498e-08,0.0,0.0
,53,0.1781412626616657,5.540267038668389e-05,0.017808574515438522,1.1231229798625009e-07,0.0,0.0
,54,0.1706095577357337,5.414742006905726e-05,0.017055527292686747,1.402160595320723e-07,0.0,0.0
,55,0.1659343926681322,5.4791313541500134e-05,0.016587936389205426,2.3280284548343743e-07,0.0,0.0
,56,0.16815087162714917,5.5342868126899705e-05,0.01680952836275537,2.514874519288224e-07,0.0,0.0
,57,0.16825667465847802,5.581891125984839e-05,0.016820055829102783,2.9834688579422065e-07,0.0,0.0
,58,0.1711792650661664,5.5636951001361015e-05,0.017112345656241815,1.751440377939506e-07,0.0,0.0
,59,0.1668359561890975,5.52439468447119e-05,0.01667800749717344,6.392315026215734e-07,0.0,0.0
,60,0.17820606263179797,5.679690168108209e-05,0.0178149082721211,1.7937031762560452e-07,0.0,0.0
,61,1793.512909678765,0.0023905610665224232,179.34684522597573,0.042054494120026285,0.0,0.0
,62,0.33318871919997034,6.396193835826124e-05,0.03331161296897335,8.613496599805259e-06,0.0,0.0
,63,0.1888097944878973,3.242288526053017e-05,0.018877645255124663,9.223496323247648e-07,0.0,0.0
,64,0.12444413197692483,3.6155677153146824e-05,0.012440790301188826,7.16764391806013e-08,0.0,0.0
,65,0.17010779693257064,4.66631834024156e-05,0.017006107976194472,5.602561149342655e-08,0.0,0.0
,66,0.17033173818141223,5.044727862696163e-05,0.017028117529989686,1.1688841938972683e-07,0.0,0.0
,67,0.18611220814287663,4.0487375954398886e-05,0.0186071666382486,5.55059910944955e-08,0.0,0.0
,68,0.14838329333346337,3.079646212427179e-05,0.01483524460636545,5.219865241823385e-08,0.0,0.0
,69,0.12006216299720109,2.1351586697164747e-05,0.012004075288714375,6.191851520842561e-08,0.0,0.0
,70,0.09476329011144116,1.46629381515595e-05,0.009474856124434154,6.449605121083834e-08,0.0,0.0
,71,0.07621626486070454,9.990449785846068e-06,0.007620620696689002,6.90686584281508e-08,0.0,0.0
,72,0.06128030572086573,8.880234886419203e-06,0.0061271368329471445,5.680427939247501e-08,0.0,0.0
,73,0.07198065498494544,1.743944189911417e-05,0.007196310833242023,1.1108102339840719e-07,0.0,0.0
,74,0.08988943124713841,2.3606707982253285e-05,0.00898657116391405,1.1708437556025298e-07,0.0,0.0
,75,0.10438193159468938,2.884165130126348e-05,0.010435297412623185,1.1741221918505282e-07,0.0,0.0
,76,0.11728415467310697,3.371026588865789e-05,0.011725033319817158,1.1587844346626439e-07,0.0,0.0
,77,0.1295510867552366,3.8498271132993976e-05,0.012951247342862189,1.1357770986097915e-07,0.0,0.0
,78,0.14156147788336967,4.3313253445376174e-05,0.014151805395522387,1.1106832379152027e-07,0.0,0.0
,79,0.1534510020999005,4.816489941731561e-05,0.01534027327579679,1.0853169502229865e-07,0.0,0.0
,80,0.16514587528072297,5.297537836668198e-05,0.016509279590463846,1.0597085613531232e-07,0.0,0.0
,81,0.17627367767388932,5.757068842285662e-05,0.017621600036436577,1.0337303244879747e-07,0.0,0.0
,82,0.18635650930402334,6.171008328237804e-05,0.01862946938701498,1.0072144268624683e-07,0.0,0.0
,83,0.1946770203212509,6.504100598249352e-05,0.019461189226458373,9.784943271473611e-08,0.0,0.0
,84,0.20038786396034994,6.723806629452156e-05,0.02003205333432561,9.491067533673458e-08,0.0,0.0
,85,0.20292963312589563,6.811748309701215e-05,0.020286142194636342,9.169061860991867e-08,0.0,0.0
,86,0.20246684250014368,6.781092648452613e-05,0.02023989466302737,8.828463023552447e-08,0.0,0.0
,87,0.1997581646445906,6.669280719506787e-05,0.019969138338747142,8.477610580065464e-08,0.0,0.0
,88,0.19597347989561967,6.515340195619502e-05,0.019590823622966127,8.094332101915569e-08,0.0,0.0
,89,0.19170298602723052,6.347288664983353e-05,0.019163943964667852,7.709075900766415e-08,0.0,0.0
,90,0.18748988879378886,6.180061265695258e-05,0.018742802250926616,7.305847239888474e-08,0.0,0.0
,91,0.18333478503656805,6.01633026599302e-05,0.01832745502197213,6.876975848474353e-08,0.0,0.0
,92,0.17936338648491074,5.860981185833225e-05,0.017930471725085228,6.405321777182282e-08,0.0,0.0
,93,0.17556509153451771,5.711326293749153e-05,0.01755079109007056,5.8895731475834546e-08,0.0,0.0
,94,0.17181481002713553,5.567922537011327e-05,0.017175907016626298,5.356864510877579e-08,0.0,0.0
,95,0.16828469570027665,5.427828262327239e-05,0.01682303669558678,4.839666184919267e-08,0.0,0.0
,96,0.16464982804172906,5.2902694133081244e-05,0.016459687693422893,4.365302468500865e-08,0.0,0.0
,97,0.16120481631573058,5.157854409844731e-05,0.016115319623004325,3.980139427040008e-08,0.0,0.0
,98,0.15776040420198115,5.0318507765041434e-05,0.015771004944181186,3.7538053084817944e-08,0.0,0.0
,99,0.1545761729183141,4.9178221215697706e-05,0.015452696083430055,3.7220944944615743e-08,0.0,0.0
,100,0.15157505310373381,4.8256334048346615e-05,0.015152676001080181,3.8269533749052396e-08,0.0,0.0
